epoch,train_loss,valid_loss,accuracy,f_beta,kappa_score,top_k_accuracy,precision,recall,time
0,1.942565,1.837567,0.605958,0.605958,0.602253,0.892617,0.605958,0.605958,20:06
1,1.928707,1.812617,0.621974,0.621974,0.599380,0.893345,0.621974,0.621974,20:06
2,1.855046,1.830886,0.611175,0.611175,0.569276,0.894619,0.611175,0.611175,20:06
3,1.776164,1.746081,0.645089,0.645089,0.620250,0.896317,0.645089,0.645089,20:08
4,1.714597,1.717146,0.652854,0.652854,0.622228,0.906813,0.652854,0.652854,20:08
5,1.661925,1.655897,0.674877,0.674877,0.666461,0.912880,0.674877,0.674877,20:06
6,1.577506,1.645164,0.683128,0.683128,0.666018,0.914215,0.683128,0.683128,20:04
7,1.513481,1.591652,0.701025,0.000000,0.668492,0.921920,0.000000,0.701025,20:06
8,1.445838,1.697886,0.659467,0.659467,0.629249,0.909361,0.659467,0.659467,20:06
9,1.397233,1.563247,0.707456,0.707456,0.691345,0.928411,0.707456,0.707456,20:07
10,1.367783,1.499336,0.727962,0.727962,0.705554,0.931566,0.727962,0.727962,20:08
11,1.330700,1.500266,0.725111,0.725111,0.707257,0.936419,0.725111,0.725111,20:09
12,1.268295,1.483336,0.734878,0.734878,0.708218,0.934478,0.734878,0.734878,20:06
13,1.181614,1.475526,0.743372,0.743372,0.715184,0.936116,0.743372,0.743372,20:07
14,1.107320,1.442811,0.752715,0.752715,0.714212,0.935449,0.752715,0.752715,20:06
15,1.045814,1.440374,0.753382,0.753382,0.720548,0.939574,0.753382,0.753382,20:10
16,0.965693,1.418417,0.765334,0.765334,0.734418,0.940666,0.765334,0.765334,20:10
17,0.930279,1.415095,0.769338,0.769338,0.744969,0.940059,0.769338,0.769338,20:12
18,0.883036,1.406453,0.772311,0.772311,0.747286,0.940241,0.772311,0.772311,20:09
19,0.867804,1.405551,0.773828,0.773828,0.750822,0.940241,0.773828,0.773828,20:06
